rank,record_id,company,location,city,phone,source,profile_url,company_normalized,category,has_phone,has_location,has_profile,lead_score,ml_cluster,priority
1,1,White Arch General Contracting & Maintenance LLC More Info,"White Arch General Contracting & Maintenance LLC More Info Location : Office 203, 2nd Floor, Saeed Nasser Al Junaibi Building, Tourist Club Area City : Abu Dhabi P.O Box : 27612 Phone : 02 64... 02 6437371 Mobile : 055 4 ... 055 4645888 Products & Services : Electromechanical Contractors , Electromechanical Engineers And Consultants , HVAC Contractors , Read More...",Abu Dhabi,26437371.0,https://www.yellowpages-uae.com/uae/electromechanical-contractors,/white-arch-general-contracting-maintenance-llc-177815?p=U2FsdGVkX18WnX6al0ORoTpmIfQ5DDSLQmWHEJIlnpR31aLaOfx4RBkI8bqimLcq,WHITE ARCH GENERAL CONTRACTING MAINTENANCE MORE INFO,Electromechanical,1,1,1,100.0,3,HIGH
2,27,Al Habara Electromechanical Contg More Info,"Al Habara Electromechanical Contg More Info Location : Al Nakheel City : Ras Al Khaimah P.O Box : 30696 Phone : 07 22... 07 2234934 Mobile : 055 7 ... 055 7624183 Products & Services : Electromechanical Contractors , Electromechanical Engineers and Consultants , HVAC Contractors , Read More...",Ras Al Khaimah,72234934.0,https://www.yellowpages-uae.com/uae/electromechanical-contractors,/al-habara-electromechanical-contg-178330?p=U2FsdGVkX1%252B0cNR8WRMYRTIxv83%252BtG64D3D9LaxiI6qwPCcl%252BKbQ6eULiiGlyOuw,AL HABARA ELECTROMECHANICAL CONTG MORE INFO,Electromechanical,1,1,1,100.0,3,HIGH
3,25,Enercon Electromechanical Works LLC More Info,"Enercon Electromechanical Works LLC More Info Location : United Gulf Office Building, Al Ittihad Street, Al Muqta, Al Madr 3 City : Umm Al Quwain P.O Box : 4918 Phone : 06 76... 06 7663492 Mobile : 055 5 ... 055 5899265 Products & Services : Electromechanical Contractors , Electrical Contractors , Plumbing Contractors , Read More...",Umm Al Quwain,67663492.0,https://www.yellowpages-uae.com/uae/electromechanical-contractors,/enercon-electromechanical-works-llc-200189?p=U2FsdGVkX1%252BwTY7xbuufbfrP9ommXnIKprVcsOeEVByzKv87omvHRN%252FUNp3YJAXZ,ENERCON ELECTROMECHANICAL WORKS MORE INFO,Electromechanical,1,1,1,100.0,3,HIGH
4,34,Al Ghaima Engineering Company LLC More Info,"Al Ghaima Engineering Company LLC More Info Location : Street 14, Behind Macro Emirates Hypermarket, Industrial Area 6 City : Sharjah P.O Box : 4701 Phone : 06 54... 06 5431164 Mobile : 056 3 ... 056 3359005 Products & Services : Electromechanical Contractors , Electrical Motor Testing , Mechanical Services , Read More... Brands : WEG Motors",Sharjah,65431164.0,https://www.yellowpages-uae.com/uae/electromechanical-contractors,/al-ghaima-engineering-company-llc-117517?p=U2FsdGVkX19eeMOTSwYk5dX4%252FeiZRAhoPJ45YRYPH1NNCnmYXj2AfK%252F9raMiDonK,AL GHAIMA ENGINEERING MORE INFO,Electromechanical,1,1,1,100.0,3,HIGH
5,32,Goodtech Electromechanical Works LLC More Info,"Goodtech Electromechanical Works LLC More Info Location : Shaikha Mahara Building, Al Qusais Industrial Area 2 City : Dubai Phone : 058 5... 058 5672898 Products & Services : Electromechanical Contractors , Electrical Contractors , Electromechanical Maintenance , Read More...",Dubai,585672898.0,https://www.yellowpages-uae.com/uae/electromechanical-contractors,/goodtech-electromechanical-works-llc-199092?p=U2FsdGVkX1%252BwPf%252FLRahEWhuBt49pcPXW44PEyQqH9fKrQXURdWhDkMFvzaur0B8q,GOODTECH ELECTROMECHANICAL WORKS MORE INFO,Electromechanical,1,1,1,100.0,3,HIGH
6,31,Bris Electromechanical Works More Info,"Bris Electromechanical Works More Info Location : Musaffah City : Abu Dhabi P.O Box : 133185 Phone : 02 54... 02 5465600 Mobile : 056 4 ... 056 4666031 , 054 4 054 4417007 Products & Services : Electromechanical Contractors , Electromechanical Engineers and Consultants , General Contractors , Read More...",Abu Dhabi,25465600.0,https://www.yellowpages-uae.com/uae/electromechanical-contractors,/bris-electromechanical-works-181767?p=U2FsdGVkX19CVv7JoIj4HFfDJ1MEfsBMn3L%252BEbsJqZ99kjVE0P86CfACRn%252FB6mid,BRIS ELECTROMECHANICAL WORKS MORE INFO,Electromechanical,1,1,1,100.0,3,HIGH
7,30,Tahani Al Bahir Contracting LLC More Info,"Tahani Al Bahir Contracting LLC More Info Location : WH- 10, Ras Al Khor Ind Area City : Dubai P.O Box : 124681 Phone : 04 33... 04 3316600 Mobile : 050 1 ... 050 1289100 Products & Services : Electromechanical Contractors , HVAC Contractors , MEP Contractors , Read More... Brands : STONIM Solid Surfaces",Dubai,43316600.0,https://www.yellowpages-uae.com/uae/electromechanical-contractors,/tahani-al-bahir-contracting-llc-197565?p=U2FsdGVkX19Lrtlz%252F8VcmPuA5AY3EsWp6GhhJVqD7PWDiEIs2C5KIdYLKqSID0hw,TAHANI AL BAHIR CONTRACTING MORE INFO,MEP,1,1,1,100.0,3,HIGH
8,24,Aspec Air Conditioning & Refrigeration Company LLC More Info,"Aspec Air Conditioning & Refrigeration Company LLC More Info Location : Office 3084, Al Alam Building, King Faizal Road City : Umm Al Quwain Phone : 06 76... 06 7647830 Mobile : 050 5 ... 050 5672467 Products & Services : Electromechanical Contractors , HVAC Contractors , AC Contractors , Read More... Brands : TRANE AC | TRANE AC Parts | CARRIER AC Units | Read More...",Umm Al Quwain,67647830.0,https://www.yellowpages-uae.com/uae/electromechanical-contractors,/aspec-air-conditioning-refrigeration-company-llc-199911?p=U2FsdGVkX19v%252BxknRZC3t57p9bExzNw1tUKHbOpW1zTN%252FUiOdft6Fx%252BYOtlydJz%252B,ASPEC AIR CONDITIONING REFRIGERATION MORE INFO,Electromechanical,1,1,1,100.0,2,HIGH
9,22,Al Waseef Electromechanical Works More Info,"Al Waseef Electromechanical Works More Info Location : Near Sante Fitnesss, Umm Al Thoub, New Industrial Area City : Umm Al Quwain Mobile : 056 7 ... 056 7341243 , 056 3 056 3607989 Products & Services : Electromechanical Contractors , MEP Contractors , Plumbing And Sanitary Contractors , Read More...",Umm Al Quwain,567341243.0,https://www.yellowpages-uae.com/uae/electromechanical-contractors,/al-waseef-electromechanical-works-191633?p=U2FsdGVkX1%252BiCbq99q%252BfFqm5sqDzBGb25JuLrZ3BcmI58c%252Fx84pA9oJzX41G0PHO,AL WASEEF ELECTROMECHANICAL WORKS MORE INFO,MEP,1,1,1,100.0,3,HIGH
10,21,Avanzo Electromechanical Contracting LLC More Info,"Avanzo Electromechanical Contracting LLC More Info Location : Office 411, Al Fahim Building Musaffah, M4 City : Abu Dhabi Mobile : 050 2 ... 050 2525180 Products & Services : Electromechanical Contractors , Fitout Contractors , Electrical Contractors , Read More...",Abu Dhabi,502525180.0,https://www.yellowpages-uae.com/uae/electromechanical-contractors,/avanzo-electromechanical-contracting-llc-194436?p=U2FsdGVkX1%252BASvcO8XpSt3a8O0rVCV3WbAO40lX5WhfLD7Bw3O0jTEW9ee0kk5HE,AVANZO ELECTROMECHANICAL CONTRACTING MORE INFO,Electromechanical,1,1,1,100.0,3,HIGH
11,20,Shalom Group Of Companies Established: 2011 | More Info,"Shalom Group Of Companies Established: 2011 | More Info Location : Office 220, Abdullah Saeed Belhab Building, Damascus Street, Al Qusais City : Dubai P.O Box : 123266 Phone : 04 32... 04 3263536 Mobile : 052 1 ... 052 1039393 , 058 1 058 1223900 Products & Services : Electromechanical Contractors , MEP Contractors , Fitout Contractors , Read More...",Dubai,43263536.0,https://www.yellowpages-uae.com/uae/electromechanical-contractors,/shalom-group-of-companies-101366?p=U2FsdGVkX19mdYPF4c8cVkxmSHMrq%252B6Ul4xU2ZOCoArkkb8z9701TdnO5hC6M6Yw,SHALOM GROUP OF COMPANIES ESTABLISHED 2011 MORE INFO,MEP,1,1,1,100.0,3,HIGH
12,28,Asset Electromechanical LLC OPC More Info,"Asset Electromechanical LLC OPC More Info Location : Opp Smartline Cash and Carry, Plot 57, Mussafah 33 City : Abu Dhabi Phone : 055 9... 055 9810221 Mobile : 056 9 ... 056 9620204 , 055 6 055 6601455 Products & Services : Electromechanical Contractors , Electromechanical , Cold Room Maintenance , Read More...",Abu Dhabi,559810221.0,https://www.yellowpages-uae.com/uae/electromechanical-contractors,/asset-electromechanical-llc-opc-196572?p=U2FsdGVkX1%252FOpxjlmAIGdjeUrRaJFbnMTohr89TLmFuP2quh599z4NYSDGGIwO78,ASSET ELECTROMECHANICAL OPC MORE INFO,Electromechanical,1,1,1,100.0,3,HIGH
13,29,Elite Energy Electromechanical LLC SPC More Info,"Elite Energy Electromechanical LLC SPC More Info Location : 10th Floor, Mazyad Tower 1, Mazyad Mall, Musaffa City : Abu Dhabi Mobile : 058 5 ... 058 5772599 Products & Services : Electromechanical Contractors , Electrical Contractors , HVAC Contractors , Read More...",Abu Dhabi,585772599.0,https://www.yellowpages-uae.com/uae/electromechanical-contractors,/elite-energy-electromechanical-llc-spc-201133?p=U2FsdGVkX1%252B3Nd3Z%252FNvMLxM7P371NcZZPTXhEraHiAA31Wx0Ck04Mi4adRcMk3%252F3,ELITE ENERGY ELECTROMECHANICAL MORE INFO,Electromechanical,1,1,1,100.0,3,HIGH
14,58,Capricorn General Maintenance More Info,"Capricorn General Maintenance More Info Location : Office 34, Mazyad Mall Business Center, Tower 1, Musaffah City : Abu Dhabi Mobile : 050 5 ... 050 5071276 Products & Services : Electromechanical Contractors , MEP Contractors , HVAC Contractors , Read More...",Abu Dhabi,505071276.0,https://www.yellowpages-uae.com/uae/electromechanical-contractors?page=2,/capricorn-general-maintenance-180191?p=U2FsdGVkX1%252FkDIq%252BBaRtWIx2q5tDDLabhlJ1ur1qsdYQuvMNc%252F6N7g3GdlTkTaCs,CAPRICORN GENERAL MAINTENANCE MORE INFO,MEP,1,1,1,100.0,2,HIGH
15,57,Borge General Contracting & Electro Mechanical More Info,"Borge General Contracting & Electro Mechanical More Info Location : 401, ADCP Tower C, Electra Street City : Abu Dhabi P.O Box : 109063 Phone : 02 66... 02 6656898 Mobile : 050 9 ... 050 9116778 Products & Services : Electromechanical Contractors",Abu Dhabi,26656898.0,https://www.yellowpages-uae.com/uae/electromechanical-contractors?page=2,/borge-general-contracting-electro-mechanical-194299?p=U2FsdGVkX1%252BFaxFV4zmaCIL4%252Bws46l9gnYohS3etDnuYyachHCJJybX2rsZ7wVXi,BORGE GENERAL CONTRACTING ELECTRO MECHANICAL MORE INFO,Electromechanical,1,1,1,100.0,3,HIGH
16,56,Blue Triangle Electromechanical Contracting LLC More Info,"Blue Triangle Electromechanical Contracting LLC More Info Location : Airport Road City : Abu Dhabi P.O Box : 113161 Phone : 02 58... 02 5833860 Mobile : 056 4 ... 056 4601460 Products & Services : Electromechanical Contractors , HVAC Contractors , MEP Contractors , Read More... Brands : APCOFLEX AC Spare Parts | MITSUBISHI AC Spare Parts | CARRIER Air Conditioner And Spare Parts | Read More...",Abu Dhabi,25833860.0,https://www.yellowpages-uae.com/uae/electromechanical-contractors?page=2,/blue-triangle-electromechanical-contracting-llc-188293?p=U2FsdGVkX19seDgMU9ix%252FRoe%252FvLqtONB9iKheo%252BgCK0gV%252BOZVc11%252FBeTwqXaz05J,BLUE TRIANGLE ELECTROMECHANICAL CONTRACTING MORE INFO,MEP,1,1,1,100.0,3,HIGH
17,66,Dolphin Euro Electromechanical Contracting LLC More Info,Dolphin Euro Electromechanical Contracting LLC More Info City : Abu Dhabi P.O Box : 114815 Phone : 02 63... 02 6323626 Mobile : 055 1 ... 055 1529606 Products & Services : Electromechanical Contractors,Abu Dhabi,26323626.0,https://www.yellowpages-uae.com/uae/electromechanical-contractors?page=2,/dolphin-euro-electromechanical-contracting-llc-195697?p=U2FsdGVkX1%252BNGCjssUq5hos11isbS6Ryn6RSAs7s%252BxITrTVEUFVSBGI5HwOllJvI,DOLPHIN EURO ELECTROMECHANICAL CONTRACTING MORE INFO,Electromechanical,1,1,1,100.0,3,HIGH
18,45,Al Inayah Electro-mechanical Works LLC More Info,"Al Inayah Electro-mechanical Works LLC More Info Location : 105-106, 1st Flr, Old JVC Bldg, Opp Etisalat, Airport Rd City : Abu Dhabi P.O Box : 71611 Phone : 02 63... 02 6337921 Products & Services : Electromechanical Contractors , MEP Contractors , Air Conditioning Contractors , Read More...",Abu Dhabi,26337921.0,https://www.yellowpages-uae.com/uae/electromechanical-contractors?page=2,/al-inayah-electro-mechanical-works-llc-153152?p=U2FsdGVkX1%252BFhVnHpYiVtAh0y4U1hiaYaokndlxhu7eUgMvDiCzoSvIlli3%252Fpl66,AL INAYAH ELECTRO MECHANICAL WORKS MORE INFO,MEP,1,1,1,100.0,3,HIGH
19,46,Al Thamer Electromechanical Works LLC More Info,"Al Thamer Electromechanical Works LLC More Info Location : Shk Ahmed Bldg, 2nd Dec Rd, Satwa City : Dubai P.O Box : 44913 Phone : 04 39... 04 3987840 Products & Services : Electromechanical Contractors , Electrical Contractors And Electricians , Contractors Electromechanical",Dubai,43987840.0,https://www.yellowpages-uae.com/uae/electromechanical-contractors?page=2,/al-thamer-electromechanical-works-llc-142311?p=U2FsdGVkX181pFnVedRkj%252FDAPdrLftTEagGqZwtC%252FOMWCRYNY%252FzkUx7yxjrVRRS5,AL THAMER ELECTROMECHANICAL WORKS MORE INFO,Electromechanical,1,1,1,100.0,3,HIGH
20,48,Al Zahriah Electro Mechanical Contracting More Info,"Al Zahriah Electro Mechanical Contracting More Info Location : Office 1, City Tower, Abu Shagara City : Sharjah P.O Box : 20394 Phone : 06 55... 06 5535811 Products & Services : Electromechanical Contractors , Electromechanical Engineers And Consultants , Contractors Electromechanical , Read More...",Sharjah,65535811.0,https://www.yellowpages-uae.com/uae/electromechanical-contractors?page=2,/al-zahriah-electro-mechanical-contracting-130686?p=U2FsdGVkX1%252Bz6Hd2bs1CptZ2EGILvJWeOyH5tCRjhQydfp3MUPRBbOK4AD%252FXzBst,AL ZAHRIAH ELECTRO MECHANICAL CONTRACTING MORE INFO,Electromechanical,1,1,1,100.0,3,HIGH
21,49,Aldebaran Technical Services LLC More Info,"Aldebaran Technical Services LLC More Info Location : Shop #5, Block R6, Sheikh Hamdan Colony, Karama City : Dubai P.O Box : 122820 Phone : 055 3... 055 3494942 Mobile : 056 1 ... 056 1885529 Products & Services : Electromechanical Contractors , Air Conditioning Contractors , Painting Contractors , Read More...",Dubai,553494942.0,https://www.yellowpages-uae.com/uae/electromechanical-contractors?page=2,/aldebaran-technical-services-llc-174955?p=U2FsdGVkX1%252BwwGjYKlw5g4M6fq69Q%252F3STZlF665jr8SoL%252FLOS48DEqOKLSKjy30P,ALDEBARAN TECHNICAL SERVICES MORE INFO,Electromechanical,1,1,1,100.0,3,HIGH
22,50,Alyunbou MEP Contracting LLC More Info,Alyunbou MEP Contracting LLC More Info Location : Al Qusais Industrial Area 3 City : Dubai P.O Box : 247714 Phone : 04 83... 04 8321901 Mobile : 055 2 ... 055 2101038 Products & Services : Electromechanical Contractors,Dubai,48321901.0,https://www.yellowpages-uae.com/uae/electromechanical-contractors?page=2,/alyunbou-mep-contracting-llc-198549?p=U2FsdGVkX19GHCSmgQRILjhjOFIRV87L1XKrYOFqGtpCRz494CbmIPHd%252FVb1wwcR,ALYUNBOU MEP CONTRACTING MORE INFO,MEP,1,1,1,100.0,3,HIGH
23,51,Amenco Electromechanical Work More Info,"Amenco Electromechanical Work More Info Location : 11th Floor, Mazyad Tower 2, Mohamed Bin Zayed City City : Abu Dhabi Phone : 050 1... 050 1771244 Mobile : 050 1 ... 050 1771244 Products & Services : Electromechanical Contractors , Electromechanical Maintenance , Electromechanical Works",Abu Dhabi,501771244.0,https://www.yellowpages-uae.com/uae/electromechanical-contractors?page=2,/amenco-electromechanical-work-201137?p=U2FsdGVkX1%252FC9W5Ra%252Fb%252FR0eacbB4rTqR0cIV1ibKs%252F2krGMGnrruZ96OgaCXNiIN,AMENCO ELECTROMECHANICAL WORK MORE INFO,Electromechanical,1,1,1,100.0,3,HIGH
24,53,Amiri Electromechanical Cont Co LLC More Info,"Amiri Electromechanical Cont Co LLC More Info Location : Shed 11, Bhnd Al Wahda St, Indl Area 4 City : Sharjah P.O Box : 34273 Phone : 06 53... 06 5323442 Mobile : 050 2 ... 050 2740150 Products & Services : Electromechanical Contractors , Electrical , Plumbing , Read More...",Sharjah,65323442.0,https://www.yellowpages-uae.com/uae/electromechanical-contractors?page=2,/amiri-electromechanical-cont-co-llc-130061?p=U2FsdGVkX18iNRmf8pmWoSBEqogpD8ZIH2gPfj9uJ03qB4wnF%252FtrZChf%252FcUqO7yj,AMIRI ELECTROMECHANICAL CONT MORE INFO,Electromechanical,1,1,1,100.0,3,HIGH
25,55,Basmat Alreem Electromechanical LLC More Info,"Basmat Alreem Electromechanical LLC More Info Location : Office No.317, Block 3, Bin Shabib Mall, Baghdad Street, Al Qusais Industrial Area 1 City : Dubai Phone : 052 9... 052 9049371 Mobile : 052 1 ... 052 1144820 Products & Services : Electromechanical Contractors",Dubai,529049371.0,https://www.yellowpages-uae.com/uae/electromechanical-contractors?page=2,/basmat-alreem-electromechanical-llc-194407?p=U2FsdGVkX19cSEdgEQvoBEhe%252Fk5Xw6NAgU9BKWEQWflMnEdodhQ7id%252BoJJ%252FmhLoo,BASMAT ALREEM ELECTROMECHANICAL MORE INFO,Electromechanical,1,1,1,100.0,3,HIGH
26,59,Centaur Electro Mechanical Contracting Company LLC More Info,"Centaur Electro Mechanical Contracting Company LLC More Info Location : Office #210, 2nd Floor, Bayan Business Center, Dubai Investment Park 1 City : Dubai P.O Box : 25024 Phone : 04 35... 04 3541955 Products & Services : Electromechanical Contractors , Electromechanical Equipment , Contractors Electromechanical , Read More...",Dubai,43541955.0,https://www.yellowpages-uae.com/uae/electromechanical-contractors?page=2,/centaur-electro-mechanical-contracting-company-llc-144806?p=U2FsdGVkX1%252FU6rPCZKjnpqiVZDWSzC61ab6FkZHk8hrgGRRE8ULlgRC%252FEdBvxbdz,CENTAUR ELECTRO MECHANICAL CONTRACTING MORE INFO,Electromechanical,1,1,1,100.0,3,HIGH
27,61,Chugtai Technical Services Company More Info,"Chugtai Technical Services Company More Info Location : Al Qusais Indl Area 3 City : Dubai P.O Box : 7102 Phone : 04 26... 04 2671412 Products & Services : Electromechanical Contractors , Contractors Electromechanical",Dubai,42671412.0,https://www.yellowpages-uae.com/uae/electromechanical-contractors?page=2,/chugtai-technical-services-company-121899?p=U2FsdGVkX1%252BnbiepKA%252F8nDBkpM79Lfber7LKHGFzbuS1ZUztuVaAN08pm9r4x4jc,CHUGTAI TECHNICAL SERVICES MORE INFO,Electromechanical,1,1,1,100.0,3,HIGH
28,62,Circuit Plus Electromechanical Contracting LLC More Info,"Circuit Plus Electromechanical Contracting LLC More Info Location : Office No. 1104, ADCP Tower-D, Behind City Seasons Hotel, Electra Street, Al Danah, Zone 1 City : Abu Dhabi Phone : 02 67... 02 6799373 Mobile : 056 4 ... 056 4985794 Products & Services : Electromechanical Contractors , MEP Contractors , HVAC Contractors , Read More...",Abu Dhabi,26799373.0,https://www.yellowpages-uae.com/uae/electromechanical-contractors?page=2,/circuit-plus-electromechanical-contracting-llc-195956?p=U2FsdGVkX18etbWtcJ0KsrImxqhILJ4ckF9L6Gb2u28yNJTMiLhhXv%252FoeEn7MHUQ,CIRCUIT PLUS ELECTROMECHANICAL CONTRACTING MORE INFO,MEP,1,1,1,100.0,3,HIGH
29,63,Daar Al Taaqa Technical Works More Info,"Daar Al Taaqa Technical Works More Info Location : 12, M32/1, Near Malayalam Samaj, Musaffah City : Abu Dhabi Mobile : 050 2 ... 050 2104144 Products & Services : Electromechanical Contractors , Air Conditioning Contractors , MEP Contractors , Read More...",Abu Dhabi,502104144.0,https://www.yellowpages-uae.com/uae/electromechanical-contractors?page=2,/daar-al-taaqa-technical-works-180247?p=U2FsdGVkX18fr0kmKdkgoHvigPzt6IfIVYe3nUHOX0Leid27z3Tc9IQmkAl3VeJV,DAAR AL TAAQA TECHNICAL WORKS MORE INFO,MEP,1,1,1,100.0,2,HIGH
30,64,Daikin Middle East and Africa FZE More Info,"Daikin Middle East and Africa FZE More Info Location : 11th Floor, Galleries 4, Jebel Ali Down Town City : Dubai P.O Box : 18674 Phone : 04 81... 04 8159300 Mobile : 056 7 ... 056 7367536 Products & Services : Electromechanical Contractors , Air Conditioning Contractors , Domestic and Commercial Chillers , Read More...",Dubai,48159300.0,https://www.yellowpages-uae.com/uae/electromechanical-contractors?page=2,/daikin-middle-east-and-africa-fze-176122?p=U2FsdGVkX19mXexdq79evPjysLvlaBBQUgNSJiSgYB2ULepY3H6ba2N5VElU%252FODf,DAIKIN MIDDLE EAST AND AFRICA MORE INFO,Electromechanical,1,1,1,100.0,3,HIGH
31,65,Datco International Electromechanical Works Contracting LLC More Info,Datco International Electromechanical Works Contracting LLC More Info City : Dubai P.O Box : 11155 Phone : 050 5... 050 5904198 Mobile : 050 4 ... 050 4663987 Products & Services : Electromechanical Contractors,Dubai,505904198.0,https://www.yellowpages-uae.com/uae/electromechanical-contractors?page=2,/datco-international-electromechanical-works-contracting-llc-192072?p=U2FsdGVkX1%252F3kTGR%252BHPvcSOAXPTD1rSe2cgRJ9xsR0uz5NAT1kBh%252FrbDqKec27QX,DATCO INTERNATIONAL ELECTROMECHANICAL WORKS CONTRACTING MORE INFO,Electromechanical,1,1,1,100.0,3,HIGH
32,88,Power Logic Electro Mechanical LLC More Info,"Power Logic Electro Mechanical LLC More Info Location : Office 04, ME-10, Shabiya Near UAE Exchange City : Abu Dhabi P.O Box : 110348 Phone : 02 55... 02 5519720 Products & Services : Electromechanical Contractors , Electromechanical Engineers And Consultants , Cable Laying Contractors , Read More...",Abu Dhabi,25519720.0,https://www.yellowpages-uae.com/uae/electromechanical-contractors?page=3,/power-logic-electro-mechanical-llc-153631?p=U2FsdGVkX190q4kwZXB%252B%252BLbMEsjSLmzuLlrI7YzaVLMLvHmBP9Esb87o5FefH3Z0,POWER LOGIC ELECTRO MECHANICAL MORE INFO,Electromechanical,1,1,1,100.0,3,HIGH
33,89,Power Spray Electromechanical Sole Proprietorship LLC More Info,"Power Spray Electromechanical Sole Proprietorship LLC More Info Location : Suite No. 902, 9th Floor, Al Masraf Bank Building City : Abu Dhabi P.O Box : 29276 Phone : 02 44... 02 4444650 Products & Services : Electromechanical Contractors",Abu Dhabi,24444650.0,https://www.yellowpages-uae.com/uae/electromechanical-contractors?page=3,/power-spray-electromechanical-sole-proprietorship-llc-192225?p=U2FsdGVkX1%252F%252FE%252B3LKxH7NXl9Y94slD4Yl2VjCGGKGEcR4PN00lhRgBhDOO%252BB6ClV,POWER SPRAY ELECTROMECHANICAL SOLE PROPRIETORSHIP MORE INFO,Electromechanical,1,1,1,100.0,3,HIGH
34,91,Sayed Fayyaz Hussain Technical Services LLC More Info,"Sayed Fayyaz Hussain Technical Services LLC More Info Location : Near To Golden Square Hotel, Al-Nakheel Road, Deira City : Dubai P.O Box : 381049 Phone : 055 5... 055 5667214 Products & Services : Electromechanical Contractors , Painters And Painting Contractors , Plumbing And Sanitary Contractors , Read More...",Dubai,555667214.0,https://www.yellowpages-uae.com/uae/electromechanical-contractors?page=3,/sayed-fayyaz-hussain-technical-services-llc-154505?p=U2FsdGVkX18VBWcYrENpePbJ%252FOWSmaB3ou4ezH5bGWI27o99PbsYasCH2sEGlthC,SAYED FAYYAZ HUSSAIN TECHNICAL SERVICES MORE INFO,Electromechanical,1,1,1,100.0,3,HIGH
35,90,RSK Technical Services LLC More Info,"RSK Technical Services LLC More Info Location : Sony Building, Al Ras, Bur Dubai City : Dubai Mobile : 056 2 ... 056 2728162 Products & Services : Electromechanical Contractors , Plumbing Contractors , Electric Contractors , Read More...",Dubai,562728162.0,https://www.yellowpages-uae.com/uae/electromechanical-contractors?page=3,/rsk-technical-services-llc-192765?p=U2FsdGVkX1%252FFM7jkL4vSZQh%252BFyvDMoAnPyj8%252B3cobm4I%252F69KbaWC2KmVACm6UL53,RSK TECHNICAL SERVICES MORE INFO,Electromechanical,1,1,1,100.0,3,HIGH
36,92,Scan Electromechanical Contracting Company LLC More Info,"Scan Electromechanical Contracting Company LLC More Info Location : Scan Electromechanical Building, Behind Tuba Intl, Indl Area No 5 City : Sharjah P.O Box : 31599 Phone : 06 54... 06 5422773 Products & Services : Electromechanical Contractors , Cable Laying Contractors , Contractors Electromechanical , Read More... Brands : MCCLOSKEY HDD",Sharjah,65422773.0,https://www.yellowpages-uae.com/uae/electromechanical-contractors?page=3,/scan-electromechanical-contracting-company-llc-128089?p=U2FsdGVkX1%252FblNSt6G875EnJkgKe%252F8DdYlkXNdIadZVEQsaLpZXTp4gXcAxL8U3%252F,SCAN ELECTROMECHANICAL CONTRACTING MORE INFO,Electromechanical,1,1,1,100.0,3,HIGH
37,94,Silver Lake Electromechanical Works LLC More Info,"Silver Lake Electromechanical Works LLC More Info Location : Mussafah 34 City : Abu Dhabi P.O Box : 89144 Phone : 050 6... 050 6723547 Mobile : 050 1 ... 050 1119028 Products & Services : Electromechanical Contractors , AC Contractors , Air Conditioning Contractors , Read More...",Abu Dhabi,506723547.0,https://www.yellowpages-uae.com/uae/electromechanical-contractors?page=4,/silver-lake-electromechanical-works-llc-154114?p=U2FsdGVkX18XIxtjKYeZEMR3DM8Rl3k7HZ3uRVcBU6z7Q1%252FY7KUh%252FMytTxolYvPB,SILVER LAKE ELECTROMECHANICAL WORKS MORE INFO,Electromechanical,1,1,1,100.0,3,HIGH
38,87,Pathak Middle East Electromechanical LLC More Info,"Pathak Middle East Electromechanical LLC More Info Location : 705, Damac Business Tower, Business Bay City : Dubai P.O Box : 89350 Phone : 04 35... 04 3586520 Products & Services : Electromechanical Contractors , Electromechanical Engineers And Consultants , Fitout Contractors , Read More...",Dubai,43586520.0,https://www.yellowpages-uae.com/uae/electromechanical-contractors?page=3,/pathak-middle-east-electromechanical-llc-18460?p=U2FsdGVkX1%252BtLgfG0axyKNG4ZWpRU%252FiTbzzzKjD%252Bw4Ew8Mu0f7WZxaM6%252FWGfRbB7,PATHAK MIDDLE EAST ELECTROMECHANICAL MORE INFO,Electromechanical,1,1,1,100.0,3,HIGH
39,86,New Age Technology LLC More Info,"New Age Technology LLC More Info Location : M1, Concord Salon Bldg, Khalidiya City : Abu Dhabi P.O Box : 42355 Phone : 02 66... 02 6662004 Mobile : 050 7 ... 050 7868158 Products & Services : Electromechanical Contractors , Contractors Electromechanical , CCTV , Read More...",Abu Dhabi,26662004.0,https://www.yellowpages-uae.com/uae/electromechanical-contractors?page=3,/new-age-technology-llc-153523?p=U2FsdGVkX1%252FHhLJiKWQXHaCfcA9G7L58geLAVEAAQUqgU7w3DIAX6aNH7%252FRuTSmc,NEW AGE TECHNOLOGY MORE INFO,Electromechanical,1,1,1,100.0,3,HIGH
40,97,Streamline Electromechanical Works LLC More Info,"Streamline Electromechanical Works LLC More Info Location : Warehouse No. 6, Opp Tasjeel, Al Qusais Industrial Area 5 City : Dubai P.O Box : 14749 Phone : 04 28... 04 2838414 Mobile : 050 4 ... 050 4510865 Products & Services : Electromechanical Contractors , MEP Contractors , Electrical Contractors , Read More...",Dubai,42838414.0,https://www.yellowpages-uae.com/uae/electromechanical-contractors?page=4,/streamline-electromechanical-works-llc-177663?p=U2FsdGVkX18TKN2Q4hp1qJNCeDFY5WHa%252FqptiOqSR8ZQR09TVBftx7sKdstg1YZh,STREAMLINE ELECTROMECHANICAL WORKS MORE INFO,MEP,1,1,1,100.0,3,HIGH
41,95,Stars Electro Mechanical Cont Co LLC More Info,"Stars Electro Mechanical Cont Co LLC More Info Location : Mussafah 15 City : Abu Dhabi P.O Box : 25480 Phone : 02 20... 02 2079888 Mobile : 056 5 ... 056 5259665 Products & Services : Electromechanical Contractors , Plumbing Contractors , Contractors Electromechanical , Read More...",Abu Dhabi,22079888.0,https://www.yellowpages-uae.com/uae/electromechanical-contractors?page=4,/stars-electro-mechanical-cont-co-llc-172428?p=U2FsdGVkX198FZ4r088kMeGazEgpyS23j1lND%252BjTdjUidF5IEK8F06e2JLDh3Z9N,STARS ELECTRO MECHANICAL CONT MORE INFO,Electromechanical,1,1,1,100.0,3,HIGH
42,98,Sun Shine Technical Works LLC More Info,"Sun Shine Technical Works LLC More Info Location : Office # 206, City Avenue Bldg, Opp to City Center, Deira City : Dubai P.O Box : 93907 Phone : 04 26... 04 2695808 Mobile : 054 4 ... 054 4043189 Products & Services : Electromechanical Contractors",Dubai,42695808.0,https://www.yellowpages-uae.com/uae/electromechanical-contractors?page=4,/sun-shine-technical-works-llc-181369?p=U2FsdGVkX1%252Buu4zmjTMP4C3DOI98wrYOTbxvXmAufAjBzKGKhGmxxF5%252Fk2vX7tu4,SUN SHINE TECHNICAL WORKS MORE INFO,Electromechanical,1,1,1,100.0,3,HIGH
43,99,Swift Tech Electromechanical Contracting More Info,"Swift Tech Electromechanical Contracting More Info Location : Office 10, Plot No.8, Mussafah M17 City : Abu Dhabi Phone : 050 9... 050 9623022 Products & Services : Electromechanical Contractors",Abu Dhabi,509623022.0,https://www.yellowpages-uae.com/uae/electromechanical-contractors?page=4,/swift-tech-electromechanical-contracting-191853?p=U2FsdGVkX18nOydsYFQ0V6nnx1%252FlbM6cgFrbf8sU%252FYY%252BwmYK7pDUcDYm63fBXkLg,SWIFT TECH ELECTROMECHANICAL CONTRACTING MORE INFO,Electromechanical,1,1,1,100.0,3,HIGH
44,70,Global Petromac Project LLC More Info,"Global Petromac Project LLC More Info Location : Elite Business Zone, Mussafah 44 City : Abu Dhabi P.O Box : 111395 Phone : 02 55... 02 5525002 Mobile : 050 5 ... 050 5163356 Products & Services : Electromechanical Contractors , Electrical Contractors , Construction Company , Read More...",Abu Dhabi,25525002.0,https://www.yellowpages-uae.com/uae/electromechanical-contractors?page=3,/global-petromac-project-llc-196479?p=U2FsdGVkX1%252Ftq17OEU2V4qFUb%252FcnYER2MiMPE4G5HtdxvhoDdwHc%252FJZZPGFpyEDu,GLOBAL PETROMAC PROJECT MORE INFO,Electromechanical,1,1,1,100.0,3,HIGH
45,71,Goodwill Buildings Maintenance LLC More Info,"Goodwill Buildings Maintenance LLC More Info Location : Office Number 1140, Mazyed Mall, Mohamed Bin Zayed City City : Abu Dhabi Mobile : 056 8 ... 056 8044072 Products & Services : Electromechanical Contractors , Electromechanical Maintenance , General Maintenances",Abu Dhabi,568044072.0,https://www.yellowpages-uae.com/uae/electromechanical-contractors?page=3,/goodwill-buildings-maintenance-llc-199091?p=U2FsdGVkX1%252FG5ftHA6%252BaxDxEdmlKfcRRvo3QfNtGDEHw5F5uPh6y%252FY%252BId0rYY3mH,GOODWILL BUILDINGS MAINTENANCE MORE INFO,Electromechanical,1,1,1,100.0,3,HIGH
46,68,Fast MEP Technical Services More Info,"Fast MEP Technical Services More Info Location : Office 1, Tanvi Business Centre, Deira City : Dubai P.O Box : 237517 Phone : 055 1... 055 1184202 Mobile : 050 4 ... 050 4703202 Products & Services : Electromechanical Contractors , HVAC Contractors , MEP Contractors , Read More...",Dubai,551184202.0,https://www.yellowpages-uae.com/uae/electromechanical-contractors?page=2,/fast-mep-technical-services-182046?p=U2FsdGVkX1%252BsXY80rvmlITR6FAFSfNEBplnUIhbcflsLq7VPiOEmJsG9KUk10Rbt,FAST MEP TECHNICAL SERVICES MORE INFO,MEP,1,1,1,100.0,3,HIGH
47,69,Ghumman Electromechanical Equipment Installation LLC More Info,"Ghumman Electromechanical Equipment Installation LLC More Info Location : DIP 1 City : Jebel Ali P.O Box : 294594 Phone : 04 88... 04 8847447 Products & Services : Electromechanical Contractors , Contractors Electromechanical , Air Conditioning Engineers Installation And Maintenance , Read More...",,48847447.0,https://www.yellowpages-uae.com/uae/electromechanical-contractors?page=3,/ghumman-electromechanical-equipment-installation-llc-146333?p=U2FsdGVkX1%252F1SCCR5bUGzxv7reLQSkaVN4yik%252B3LO7Vudj1mPDSNn4udMavHq6Bx,GHUMMAN ELECTROMECHANICAL EQUIPMENT INSTALLATION MORE INFO,Electromechanical,1,1,1,100.0,3,HIGH
48,75,Infinite Keys Electromechanical Contracting More Info,"Infinite Keys Electromechanical Contracting More Info Location : Office No.F12, Plot 10, Musaffah-03 City : Abu Dhabi P.O Box : 112576 Phone : 056 5... 056 5645213 Mobile : 056 5 ... 056 5645213 , 052 2 052 2113602 Products & Services : Electromechanical Contractors , Electromechanical AMC , Electromechanical Maintenance",Abu Dhabi,565645213.0,https://www.yellowpages-uae.com/uae/electromechanical-contractors?page=3,/infinite-keys-electromechanical-contracting-201464?p=U2FsdGVkX196voqvZ4D4h3LuJMH3cN5zZbQeUTq32B2wWFdOxmK%252BsAgvO%252FKk17%252FN,INFINITE KEYS ELECTROMECHANICAL CONTRACTING MORE INFO,Electromechanical,1,1,1,100.0,3,HIGH
49,72,IG Electromech Technical Services LLC More Info,"IG Electromech Technical Services LLC More Info City : Dubai Mobile : 055 2 ... 055 2341649 , 052 5 052 5183123 Products & Services : Electromechanical Contractors , Electrical Maintenance , Electrical Installation , Read More...",Dubai,552341649.0,https://www.yellowpages-uae.com/uae/electromechanical-contractors?page=3,/ig-electromech-technical-services-llc-198464?p=U2FsdGVkX182a2MLCVZHSJMVYuyeyKPthqlaar7PYwpX3dTEpcc5JANb%252BrvyyClF,IG ELECTROMECH TECHNICAL SERVICES MORE INFO,Electromechanical,1,1,1,100.0,3,HIGH
50,77,International Electro-Mech Services Company LLC More Info,"International Electro-Mech Services Company LLC More Info Location : Office# 407, R338 Oud Metha Offices, Next to CITI Bank, Opposite Raffles Hotel, Dubai Healthcare Cit City : Dubai P.O Box : 3223 Phone : 04 33... 04 3344003 Products & Services : Electromechanical Contractors , Contractors Electromechanical",Dubai,43344003.0,https://www.yellowpages-uae.com/uae/electromechanical-contractors?page=3,/international-electro-mech-services-company-llc-126936?p=U2FsdGVkX1%252B4NuaR631%252F6%252FGm7iynTR%252BmQbHeyDvgU63Gsj6EzzmPlgzvS8BZhuKb,INTERNATIONAL ELECTRO MECH SERVICES MORE INFO,Electromechanical,1,1,1,100.0,3,HIGH
51,78,JST Electromechanical LLC More Info,"JST Electromechanical LLC More Info City : Dubai P.O Box : 172883 Phone : 04 32... 04 3204772 Mobile : 050 6 ... 050 6407971 Products & Services : Electromechanical Contractors , Air Conditioning Equipment and Systems",Dubai,43204772.0,https://www.yellowpages-uae.com/uae/electromechanical-contractors?page=3,/jst-electromechanical-llc-141340?p=U2FsdGVkX1%252FYZZXLLCyij1EZhfUW2ODq0UqgOQYiuzsBEze4iXTH5AI9djcFIJo2,JST ELECTROMECHANICAL MORE INFO,Electromechanical,1,1,1,100.0,3,HIGH
52,80,Multiline Design and Contracting LLC More Info,"Multiline Design and Contracting LLC More Info Location : Opp Al Reyami W/House, Al Quoz Indl Area 4 City : Dubai P.O Box : 26581 Mobile : 056 4 ... 056 4648091 , 050 6 050 6599768 Products & Services : Electromechanical Contractors , Electromechanical Engineers And Consultants , Contractors Turnkey Projects , Read More...",Dubai,564648091.0,https://www.yellowpages-uae.com/uae/electromechanical-contractors?page=3,/multiline-design-and-contracting-llc-130906?p=U2FsdGVkX19Z07d2WXeGoa9S2npYGUEmi5ANloUxjrACx1SVrIMEn8aduRjhoNUs,MULTILINE DESIGN AND CONTRACTING MORE INFO,Electromechanical,1,1,1,100.0,3,HIGH
53,79,Keletron Electromechanical Works LLC More Info,"Keletron Electromechanical Works LLC More Info Location : Warehouse 4, 26th Street, Al Quoz Industrial Area 4 City : Dubai P.O Box : 63245 Phone : 04 33... 04 3332185 Mobile : 052 2 ... 052 2473124 Products & Services : Electromechanical Contractors , Electrical Contractors , MEP Contractors , Read More...",Dubai,43332185.0,https://www.yellowpages-uae.com/uae/electromechanical-contractors?page=3,/keletron-electromechanical-works-llc-185533?p=U2FsdGVkX19j475GmCK1EozO8kuZHVQNJWKklUER63Wi3SZf3dJnBGWc9vu3iq2o,KELETRON ELECTROMECHANICAL WORKS MORE INFO,MEP,1,1,1,100.0,3,HIGH
54,82,Najmat Al Ras Electro Mechanical Works LLC More Info,"Najmat Al Ras Electro Mechanical Works LLC More Info Location : 205, PTC Bldg, Damascus St, Al Qusais City : Dubai P.O Box : 113650 Phone : 04 25... 04 2511708 Mobile : 055 5 ... 055 5564892 Products & Services : Electromechanical Contractors , Contractors Electromechanical , Plumbing and Electrical Contractors , Read More...",Dubai,42511708.0,https://www.yellowpages-uae.com/uae/electromechanical-contractors?page=3,/najmat-al-ras-electro-mechanical-works-llc-163163?p=U2FsdGVkX1%252FS8z1Zu%252F%252Fedws7vY2uGTooOF5dOenYHCa0Gw%252FhPxQkwSxpKm66sW7r,NAJMAT AL RAS ELECTRO MECHANICAL WORKS MORE INFO,Electromechanical,1,1,1,100.0,3,HIGH
55,81,Multilines Electro Mechanical LLC More Info,"Multilines Electro Mechanical LLC More Info Location : Suite 602, Al Attar Towers, Sheikh Zayed Road City : Dubai P.O Box : 111362 Phone : 04 34... 04 3434498 Mobile : 055 2 ... 055 2171395 Products & Services : Electromechanical Contractors",Dubai,43434498.0,https://www.yellowpages-uae.com/uae/electromechanical-contractors?page=3,/multilines-electro-mechanical-llc-189821?p=U2FsdGVkX1%252FiSvAejIkrUxOjAiluaxeLiXZPYsMQY7%252FdagaaQADjfJ8zHdsBUHi4,MULTILINES ELECTRO MECHANICAL MORE INFO,Electromechanical,1,1,1,100.0,3,HIGH
56,117,Al Injazat Technical Services More Info,"Al Injazat Technical Services More Info Location : 2nd Floor, Natl Bank of Abu Dhabi Bldg, Corniche Rd City : Abu Dhabi P.O Box : 42895 Phone : 02 62... 02 6226030 Products & Services : Electromechanical Engineers and Consultants",Abu Dhabi,26226030.0,https://www.yellowpages-uae.com/uae/electromechanical-contractors?page=5,/al-injazat-technical-services-121697?p=U2FsdGVkX1%252Bn06xQ1TfuU9Hx%252FP8A3XlDDLXVkIP3sK%252B8e3qPYJA%252FGJjBLHbT371i,AL INJAZAT TECHNICAL SERVICES MORE INFO,Electromechanical,1,1,1,100.0,3,HIGH
57,126,Al Tarheeb Electromechanical More Info,Al Tarheeb Electromechanical More Info Location : Opp Egypt Air City : Ras Al Khaimah P.O Box : 4499 Phone : 07 23... 07 2334567 Products & Services : Electromechanical Engineers and Consultants,Ras Al Khaimah,72334567.0,https://www.yellowpages-uae.com/uae/electromechanical-contractors?page=5,/al-tarheeb-electromechanical-139159?p=U2FsdGVkX1%252BGXqu9BaMhvT2SkEWH20AaHjk8ffCNeyH5bH6aIkN25dy5PBhSc%252BzB,AL TARHEEB ELECTROMECHANICAL MORE INFO,Electromechanical,1,1,1,100.0,3,HIGH
58,125,Al Tamimi General Maint and Electrical Works LLC More Info,"Al Tamimi General Maint and Electrical Works LLC More Info Location : 313, Mozna Bldg, Al Ghusais Indl Area City : Dubai P.O Box : 3577 Phone : 04 26... 04 2617520 Products & Services : Electromechanical Engineers and Consultants",Dubai,42617520.0,https://www.yellowpages-uae.com/uae/electromechanical-contractors?page=5,/al-tamimi-general-maint-and-electrical-works-llc-117439?p=U2FsdGVkX1%252Fle9ZGfhSP7aNSa%252BASBfpjjtz7JkdBgsLA1yWSLBRcpLXTEtE%252FIJ6K,AL TAMIMI GENERAL MAINT AND ELECTRICAL WORKS MORE INFO,Electromechanical,1,1,1,100.0,3,HIGH
59,124,Al Sana Electromechanical Works LLC More Info,"Al Sana Electromechanical Works LLC More Info Location : Warehouse # 1, Near Galadari Motor Driving School, Al Qusais Industrial Area 4 City : Dubai P.O Box : 83237 Phone : 04 25... 04 2545811 Products & Services : Electromechanical Engineers and Consultants",Dubai,42545811.0,https://www.yellowpages-uae.com/uae/electromechanical-contractors?page=5,/al-sana-electromechanical-works-llc-162219?p=U2FsdGVkX19ObArTcKlLVDBe6t57N2WeVYKJd4HEDbXBn8hJ2jDKiWEtJu9x%252B9Gn,AL SANA ELECTROMECHANICAL WORKS MORE INFO,Electromechanical,1,1,1,100.0,3,HIGH
60,123,Al Norraine Tech Services LLC More Info,Al Norraine Tech Services LLC More Info Location : Al Quoz Indl Area 4 City : Dubai P.O Box : 66352 Phone : 04 34... 04 3476156 Products & Services : Electromechanical Engineers and Consultants,Dubai,43476156.0,https://www.yellowpages-uae.com/uae/electromechanical-contractors?page=5,/al-norraine-tech-services-llc-135451?p=U2FsdGVkX1%252BfWulI3bJfO93zjmMqnWx2Pb56Ed4gkIiGunPRRXXv77OtWktOoqj1,AL NORRAINE TECH SERVICES MORE INFO,Electromechanical,1,1,1,100.0,3,HIGH
61,120,Al Manhad Electro Mechanical More Info,Al Manhad Electro Mechanical More Info Location : Ras Al Khor Industrial Area 2 City : Dubai P.O Box : 84612 Phone : 04 32... 04 3201104 Mobile : 050 4 ... 050 4969730 Products & Services : Electromechanical Engineers and Consultants,Dubai,43201104.0,https://www.yellowpages-uae.com/uae/electromechanical-contractors?page=5,/al-manhad-electro-mechanical-146660?p=U2FsdGVkX1%252BnkD%252Br7zj3cKfxj%252BNyindnaI8VNf%252BszemzNbyfPPMiiZ6QTNbd38zl,AL MANHAD ELECTRO MECHANICAL MORE INFO,Electromechanical,1,1,1,100.0,3,HIGH
62,119,Al Mahasin Electric Contracting Company LLC More Info,"Al Mahasin Electric Contracting Company LLC More Info Location : 101, Yasmeen Bldg 4, Opp Sharjah Cricket Stadium, Indl Area City : Sharjah P.O Box : 40280 Phone : 06 53... 06 5359662 Mobile : 050 6 ... 050 6336295 Products & Services : Electromechanical Engineers and Consultants , Contractors Electromechanical , Electrical Contractors and Electricians , Read More...",Sharjah,65359662.0,https://www.yellowpages-uae.com/uae/electromechanical-contractors?page=5,/al-mahasin-electric-contracting-company-llc-122467?p=U2FsdGVkX1%252Fa8wTQ1h4mC4bq7Z36L1pqI1eJ4JTmPxTu%252Bu5ZCxQkejqxLuP%252F3DhT,AL MAHASIN ELECTRIC CONTRACTING MORE INFO,Electromechanical,1,1,1,100.0,3,HIGH
63,105,Abdul Rahim Architectural Consultants More Info,"Abdul Rahim Architectural Consultants More Info Location : 607, Latifa Towers, Near World Trade Centre, Sheikh Zayed Rd City : Dubai P.O Box : 13424 Phone : 04 22... 04 2235455 Products & Services : Electromechanical Engineers and Consultants , Architectural Consultants , Electrical Engineers , Read More...",Dubai,42235455.0,https://www.yellowpages-uae.com/uae/electromechanical-contractors?page=4,/abdul-rahim-architectural-consultants-112736?p=U2FsdGVkX1%252Bsg7agKJIvQFyVLPJn%252FgOa2hIK6hdgvdRY%252B0%252BJkyCkLfMYFCvvMUY7,ABDUL RAHIM ARCHITECTURAL CONSULTANTS MORE INFO,Electromechanical,1,1,1,100.0,3,HIGH
64,101,Trinity Mech Services LLC More Info,"Trinity Mech Services LLC More Info Location : Near Grand City Mall, Al Quoz City : Dubai P.O Box : 8807 Phone : 04 34... 04 3466644 Products & Services : Electromechanical Contractors , Machine Shops",Dubai,43466644.0,https://www.yellowpages-uae.com/uae/electromechanical-contractors?page=4,/trinity-mech-services-llc-129231?p=U2FsdGVkX1%252B3uHHDkFuqmKaIhPkUcfvzCGGeUNXmeO82BqBZhGpgMI9P6LuJo7U9,TRINITY MECH SERVICES MORE INFO,Electromechanical,1,1,1,100.0,3,HIGH
65,104,A Al Hamadi Electromechanical Works LLC More Info,"A Al Hamadi Electromechanical Works LLC More Info Location : #4 Warehouse ,Al Quoz Ind. Area City : Dubai P.O Box : 23199 Phone : 04 33... 04 3394742 Products & Services : Electromechanical Engineers and Consultants",Dubai,43394742.0,https://www.yellowpages-uae.com/uae/electromechanical-contractors?page=4,/a-al-hamadi-electromechanical-works-llc-158887?p=U2FsdGVkX1%252FUmYTdDqD7zeLuTQ3Kc0Fqi5lLS5diX1JHHuC0c8833c4dO4O6id9s,A AL HAMADI ELECTROMECHANICAL WORKS MORE INFO,Electromechanical,1,1,1,100.0,3,HIGH
66,103,Uptown Technical Services LLC More Info,"Uptown Technical Services LLC More Info Location : Office 404, Happy Textile Building, Al Dhafra Dental Clinic, Hamdan Street City : Abu Dhabi P.O Box : 112808 Phone : 02 63... 02 6394336 Mobile : 056 6 ... 056 6777552 Products & Services : Electromechanical Contractors , Contractors Turnkey Projects , MEP Contractors , Read More...",Abu Dhabi,26394336.0,https://www.yellowpages-uae.com/uae/electromechanical-contractors?page=4,/uptown-technical-services-llc-178682?p=U2FsdGVkX1%252Be04%252BtS77IwW4TFxf%252FGERV6Xftpao8oNjECwLZhaq9a7451qvdEa48,UPTOWN TECHNICAL SERVICES MORE INFO,MEP,1,1,1,100.0,3,HIGH
67,102,Unique Style General Transport & Contracting More Info,"Unique Style General Transport & Contracting More Info Location : 6, First Floor, Times Coffee Shop Bldg, Near Jumbo Plastic, Mussafah-43, Sanaya City : Abu Dhabi P.O Box : 30586 Phone : 02 55... 02 5593514 Mobile : 055 3 ... 055 3882921 Products & Services : Electromechanical Contractors , Painters and Painting Contractors , Electrical Contractors , Read More...",Abu Dhabi,25593514.0,https://www.yellowpages-uae.com/uae/electromechanical-contractors?page=4,/unique-style-general-transport-contracting-153765?p=U2FsdGVkX189%252B4mTJN8WvZGgnpI5euyfuueiUfEmJ%252Bd5fuZ5MeJ%252FiZyNkmqaXlve,UNIQUE STYLE GENERAL TRANSPORT CONTRACTING MORE INFO,Electromechanical,1,1,1,100.0,3,HIGH
68,131,Arkan Engineering Services LLC More Info,"Arkan Engineering Services LLC More Info Location : 1110, Metropolis Tower, Business Bay City : Dubai P.O Box : 97200 Phone : 04 44... 04 4416453 Mobile : 054 4 ... 054 4440889 Products & Services : Electromechanical Engineers and Consultants , Fitout Contractors , Air Conditioning Contractors , Read More...",Dubai,44416453.0,https://www.yellowpages-uae.com/uae/electromechanical-contractors?page=5,/arkan-engineering-services-llc-170883?p=U2FsdGVkX18nQGymiSnM6RI7jpGQGGUY4nPZGtjQWkL73UnhsXv4eSie%252FIrxqGGF,ARKAN ENGINEERING SERVICES MORE INFO,Electromechanical,1,1,1,100.0,3,HIGH
69,100,Trans Works Electromechanical Contracting LLC More Info,Trans Works Electromechanical Contracting LLC More Info City : Ajman P.O Box : 12745 Phone : 06 74... 06 7415707 Mobile : 052 9 ... 052 9736999 Products & Services : Electromechanical Contractors,Ajman,67415707.0,https://www.yellowpages-uae.com/uae/electromechanical-contractors?page=4,/trans-works-electromechanical-contracting-llc-191527?p=U2FsdGVkX1%252Bef4IIJ%252B%252Bun41aACgwJ0TgdjY4uNoGdrCy7ljTiuoqB1%252B3MctPP2p%252B,TRANS WORKS ELECTROMECHANICAL CONTRACTING MORE INFO,Electromechanical,1,1,1,100.0,3,HIGH
70,128,Alkaline Electromechanical LLC More Info,"Alkaline Electromechanical LLC More Info Location : C 155, Al Saman Bldg, Hamdan St City : Abu Dhabi P.O Box : 109872 Phone : 02 62... 02 6229280 Products & Services : Electromechanical Engineers And Consultants , Electromechanical Engineers , Electrical-Plumbing And Sanitary Ware Repairs And Services",Abu Dhabi,26229280.0,https://www.yellowpages-uae.com/uae/electromechanical-contractors?page=5,/alkaline-electromechanical-llc-142963?p=U2FsdGVkX1%252B82QbKgQxUHJXkzwanjHcyHGQFLEmeThHviDfG1hD1tlrALdvCfLzB,ALKALINE ELECTROMECHANICAL MORE INFO,Electromechanical,1,1,1,100.0,3,HIGH
71,127,Al Yarmook General Trading Elect Establishment More Info,"Al Yarmook General Trading Elect Establishment More Info Location : Opposite Rainbow Studio, Sh Khalid Road City : Khorfakkan P.O Box : 10259 Phone : 09 23... 09 2383855 Products & Services : Electromechanical Engineers and Consultants",,92383855.0,https://www.yellowpages-uae.com/uae/electromechanical-contractors?page=5,/al-yarmook-general-trading-elect-establishment-13642?p=U2FsdGVkX1%252FzCHUG7vw2PtkZ1qZgtk8TKKJqjyGzL6nf1rSEk7L3OXJo5LQwu0Ab,AL YARMOOK GENERAL TRADING ELECT ESTABLISHMENT MORE INFO,Electromechanical,1,1,1,100.0,3,HIGH
72,116,Al Husam Electrical Control System More Info,"Al Husam Electrical Control System More Info Location : Behind Baby Shop, Indl Area 4 City : Sharjah P.O Box : 28387 Phone : 06 53... 06 5330023 Products & Services : Electromechanical Engineers and Consultants , Electrical Traders , Electrical Switchgear , Read More...",Sharjah,65330023.0,https://www.yellowpages-uae.com/uae/electromechanical-contractors?page=5,/al-husam-electrical-control-system-140963?p=U2FsdGVkX18sYpphBAMhZ1cJQBFuOKthK0O6rygaTrboP8qSGUyfSaGvOllEpxrW,AL HUSAM ELECTRICAL CONTROL SYSTEM MORE INFO,Electromechanical,1,1,1,100.0,3,HIGH
73,118,Al Jadeed Engineering and Contracting Company LLC More Info,"Al Jadeed Engineering and Contracting Company LLC More Info Location : UNB Bldg, Airport Rd City : Abu Dhabi P.O Box : 32288 Phone : 02 64... 02 6420011 Products & Services : Electromechanical Engineers and Consultants , Contractors Electromechanical , Electrical Contractors and Electricians , Read More...",Abu Dhabi,26420011.0,https://www.yellowpages-uae.com/uae/electromechanical-contractors?page=5,/al-jadeed-engineering-and-contracting-company-llc-138788?p=U2FsdGVkX19hn6oM4JZexEJ4CDH%252BRhE%252FjRJ3leqqJ5rmSC47vkCcnbglTX76y9ZR,AL JADEED ENGINEERING AND CONTRACTING MORE INFO,Electromechanical,1,1,1,100.0,3,HIGH
74,109,Advanced Electro-Technical Services More Info,Advanced Electro-Technical Services More Info Location : Sh Zayed 1st St City : Abu Dhabi P.O Box : 52270 Phone : 02 63... 02 6326807 Products & Services : Electromechanical Engineers and Consultants,Abu Dhabi,26326807.0,https://www.yellowpages-uae.com/uae/electromechanical-contractors?page=4,/advanced-electro-technical-services-118827?p=U2FsdGVkX1%252Fb0W48Ks5RWUmZ8T7z9rW6OazCw%252B1vk4ur3aE6ehFYWXbYvaweG9vr,ADVANCED ELECTRO TECHNICAL SERVICES MORE INFO,Electromechanical,1,1,1,100.0,3,HIGH
75,110,Adym Mechanical and A/C Works More Info,"Adym Mechanical and A/C Works More Info Location : 9, Al Nadeem Complex, Indl Area 1, Al Qusais City : Dubai P.O Box : 51902 Phone : 04 26... 04 2672006 Products & Services : Electromechanical Engineers and Consultants",Dubai,42672006.0,https://www.yellowpages-uae.com/uae/electromechanical-contractors?page=4,/adym-mechanical-and-a-c-works-119568?p=U2FsdGVkX1%252FC2IM6cktNFJLUsI0kh4L5uNZ3GuBh7%252FRVjlLzVMCyQy%252BqJiv%252BZS66,ADYM MECHANICAL AND A C WORKS MORE INFO,Electromechanical,1,1,1,100.0,3,HIGH
76,111,Al Arabia Electro Mechanical LLC More Info,"Al Arabia Electro Mechanical LLC More Info Location : 58 Marakech St, Umm Ramool City : Dubai P.O Box : 60204 Phone : 04 28... 04 2851145 Products & Services : Electromechanical Engineers and Consultants Brands : MOLLER Electro Mechanical Equipment | GENERALELECTRIC Water Treatment Systems | RETUBEPEXPIPE ABS Pipes and Fittings | Read More...",Dubai,42851145.0,https://www.yellowpages-uae.com/uae/electromechanical-contractors?page=4,/al-arabia-electro-mechanical-llc-169678?p=U2FsdGVkX18rxBxtDWCv%252Bqvorc6Tn5WJ%252BmFMT9lsKLHYjCfs7JlOWxUsrMagz%252Fyr,AL ARABIA ELECTRO MECHANICAL MORE INFO,Electromechanical,1,1,1,100.0,3,HIGH
77,113,Al Fajr Al Baeed LLC More Info,"Al Fajr Al Baeed LLC More Info Location : Near Palm Beach Hotel, Bur Dubai City : Dubai P.O Box : 45960 Phone : 04 39... 04 3937856 Products & Services : Electromechanical Engineers and Consultants",Dubai,43937856.0,https://www.yellowpages-uae.com/uae/electromechanical-contractors?page=4,/al-fajr-al-baeed-llc-128700?p=U2FsdGVkX1%252B%252B4K1MA4s7r4oslNiOE92WLOpo5sg71Z9cgPOhiqZhWJiV0cTrUQnZ,AL FAJR AL BAEED MORE INFO,Electromechanical,1,1,1,100.0,3,HIGH
78,114,Al Faniah Air Conditioning System Cont LLC More Info,"Al Faniah Air Conditioning System Cont LLC More Info Location : Office 2009, Falcon Tower B1, Rashidiya City : Ajman P.O Box : 23657 Phone : 06 74... 06 7483667 Products & Services : Electromechanical Engineers and Consultants , Air Conditioning Engineers Installation And Maintenance",Ajman,67483667.0,https://www.yellowpages-uae.com/uae/electromechanical-contractors?page=4,/al-faniah-air-conditioning-system-cont-llc-116690?p=U2FsdGVkX1%252FlIypVCKhELOxGYe2XPfy2ymCUI1Bv9%252FJ4jz31sVEt%252BIHBeDNQYR5E,AL FANIAH AIR CONDITIONING SYSTEM CONT MORE INFO,Electromechanical,1,1,1,100.0,2,HIGH
79,115,Al Fina Electromechanical Contg More Info,"Al Fina Electromechanical Contg More Info Location : Near Palm Beach Hotel, Khalid Bin Waleed St, Bur Dubai City : Dubai P.O Box : 118382 Phone : 04 39... 04 3936676 Products & Services : Electromechanical Engineers and Consultants",Dubai,43936676.0,https://www.yellowpages-uae.com/uae/electromechanical-contractors?page=5,/al-fina-electromechanical-contg-129396?p=U2FsdGVkX1%252Bx0tWApIb8yZ3CXKWS0bJQ1aDEcFIqLD5d5MX9DQhBVU4mhmeZcOcH,AL FINA ELECTROMECHANICAL CONTG MORE INFO,Electromechanical,1,1,1,100.0,3,HIGH
80,85,Neutral Ground Technical Services LLC More Info,"Neutral Ground Technical Services LLC More Info Location : Al Muteena, Deira City : Dubai Mobile : 052 3 ... 052 3860547 Products & Services : Electromechanical Contractors , Electrical Contractors , HVAC Contractors , Read More...",Dubai,523860547.0,https://www.yellowpages-uae.com/uae/electromechanical-contractors?page=3,/neutral-ground-technical-services-llc-193205?p=U2FsdGVkX1%252FtJi%252F85bq%252F%252F3QOM0jCE8u9Af8IjlMqzHV09Glko0CRWnd1CN%252B3aA4y,NEUTRAL GROUND TECHNICAL SERVICES MORE INFO,Electromechanical,1,1,1,100.0,3,HIGH
81,108,ADG Architectural Design Group More Info,"ADG Architectural Design Group More Info Location : DIP - 2 City : Dubai P.O Box : 63943 Phone : 04 32... 04 3240447 Products & Services : Electromechanical Engineers And Consultants , Architectural Consultants , Project Management Consulting , Read More... Brands : ANDREWTEXTILES High Temperature Fabric Filters | BERTI Wooden Floor and Laminate Floor | BONAX Maintenance Products | Read More...",Dubai,43240447.0,https://www.yellowpages-uae.com/uae/electromechanical-contractors?page=4,/adg-architectural-design-group-150957?p=U2FsdGVkX190umEJvWf9b7jGmPjl2GdcdoJz%252BKI0pjEs%252BZilqK2Q%252BVOzjleXM9Y9,ADG ARCHITECTURAL DESIGN GROUP MORE INFO,Electromechanical,1,1,1,100.0,3,HIGH
82,189,OHM Electromechanical Contracting More Info,"OHM Electromechanical Contracting More Info Location : M 02 C-133, Bldg No Me 09, Near Al Manara School, Shabia City : Abu Dhabi P.O Box : 34508 Phone : 02 66... 02 6664551 Mobile : 050 3 ... 050 3363491 Products & Services : MEP Contracting , Contractors Electromechanical , Cable Laying Contractors , Read More...",Abu Dhabi,26664551.0,https://www.yellowpages-uae.com/uae/mep-contracting?page=2,/ohm-electromechanical-contracting-167716?p=U2FsdGVkX1%252FdUBtzBca9K1LXjmx0%252BJtO5hzpgwX7hUI%253D,OHM ELECTROMECHANICAL CONTRACTING MORE INFO,MEP,1,1,1,100.0,3,HIGH
83,188,Novartis Facilities Management LLC More Info,"Novartis Facilities Management LLC More Info Location : UAE City : Dubai P.O Box : 334327 Phone : 04 39... 04 3918704 Products & Services : MEP Contracting , Painting Contractors , Cleaning And Janitorial Service , Read More...",Dubai,43918704.0,https://www.yellowpages-uae.com/uae/mep-contracting?page=2,/novartis-facilities-management-llc-128660?p=U2FsdGVkX1%252FiAGJBND%252BHtqZ6q2N6o9slDqpQf5u3UE4%253D,NOVARTIS FACILITIES MANAGEMENT MORE INFO,MEP,1,1,1,100.0,3,HIGH
84,186,Nexus Fueling Technical Services LLC More Info,"Nexus Fueling Technical Services LLC More Info City : Dubai Mobile : 058 8 ... 058 8037271 Products & Services : Mep Contracting , HVAC",Dubai,588037271.0,https://www.yellowpages-uae.com/uae/mep-contracting?page=2,/nexus-fueling-technical-services-llc-200363?p=U2FsdGVkX18CyBd4o8PcR4FNj2QqjUJpOZSMCSAn%252BeI%253D,NEXUS FUELING TECHNICAL SERVICES MORE INFO,MEP,1,1,1,100.0,3,HIGH
85,195,SCADA Systems (Scan Control and Data Communication Systems Establishment) More Info,"SCADA Systems (Scan Control and Data Communication Systems Establishment) More Info Location : M 02, Bldg 5766, Airport Rd City : Abu Dhabi P.O Box : 429 Phone : 02 63... 02 6328600 Products & Services : MEP Contracting , Contractors Electromechanical , Access Control System , Read More... Brands : INTEL Process Control Equipment | 3COM Computer Network Products | BROTHER Computer Accessories | Read More...",Abu Dhabi,26328600.0,https://www.yellowpages-uae.com/uae/mep-contracting?page=3,/scada-systems-scan-control-and-data-communication-systems-establishment-115175?p=U2FsdGVkX18qD47H3NJmVitydXA6EBbb7rsXnfGISSw%253D,SCADA SYSTEMS SCAN CONTROL AND DATA COMMUNICATION SYSTEMS ESTABLISHMENT MORE INFO,MEP,1,1,1,100.0,3,HIGH
86,193,Power On Building Contracting LLC More Info,"Power On Building Contracting LLC More Info Location : 2302, Palace Tower, Silicon Oasis City : Dubai P.O Box : 55602 Phone : 04 38... 04 3809355 Products & Services : MEP Contracting , Contractors Electromechanical , Building Contractors , Read More...",Dubai,43809355.0,https://www.yellowpages-uae.com/uae/mep-contracting?page=3,/power-on-building-contracting-llc-152256?p=U2FsdGVkX193Hsq1z3vcYCekqKKCtT7A5urCTMy53xY%253D,POWER ON BUILDING CONTRACTING MORE INFO,MEP,1,1,1,100.0,3,HIGH
87,194,Prime Global Technical Services LLC More Info,"Prime Global Technical Services LLC More Info Location : Nasser Lootah Building, Damascus Street, Al Qusais City : Dubai P.O Box : 26683 Phone : 04 23... 04 2345978 Mobile : 056 5 ... 056 5028961 Products & Services : MEP Contracting , MEP Services",Dubai,42345978.0,https://www.yellowpages-uae.com/uae/mep-contracting?page=3,/prime-global-technical-services-llc-161443?p=U2FsdGVkX1%252FPbpBpOrdUa2u0GjNJ%252Fer5iAmZPUgGygU%253D,PRIME GLOBAL TECHNICAL SERVICES MORE INFO,MEP,1,1,1,100.0,3,HIGH
88,154,Al Bedaya Al Naajiha More Info,"Al Bedaya Al Naajiha More Info Location : Office Number 1/521, 1st Floor, Plot Number 55, Bin Dasmal Building, Above Al Masaraf Bank, Sheikh Z City : Dubai P.O Box : 500001 Mobile : 052 6 ... 052 6890505 Products & Services : MEP Contracting , Facilities Management",Dubai,526890505.0,https://www.yellowpages-uae.com/uae/mep-contracting,/al-bedaya-al-naajiha-192644?p=U2FsdGVkX19Gt5UYkUvq8uLPUwqrJ%252FDD%252BcaEbVdHflI%253D,AL BEDAYA AL NAAJIHA MORE INFO,MEP,1,1,1,100.0,3,HIGH
89,153,180 Degree MEP Electromechanical Contracting LLC More Info,180 Degree MEP Electromechanical Contracting LLC More Info Location : Mussafah M45 City : Abu Dhabi P.O Box : 133245 Phone : 050 7... 050 7081412 Mobile : 050 7 ... 050 7081412 Products & Services : MEP Contracting,Abu Dhabi,507081412.0,https://www.yellowpages-uae.com/uae/mep-contracting,/180-degree-mep-electromechanical-contracting-llc-200561?p=U2FsdGVkX180kWwuuXc2NagEQFaZpKhqVOnUVi27e8w%253D,180 DEGREE MEP ELECTROMECHANICAL CONTRACTING MORE INFO,MEP,1,1,1,100.0,3,HIGH
90,152,Exact Fit Technical Services LLC More Info,"Exact Fit Technical Services LLC More Info Location : 4th Floor, Galadari Business Center, Dubai Production City City : Dubai Mobile : 054 2 ... 054 2762706 , 054 3 054 3346576 Products & Services : MEP Contracting , MEP Contractors , Plastering Contractors , Read More...",Dubai,542762706.0,https://www.yellowpages-uae.com/uae/mep-contracting,/exact-fit-technical-services-llc-200657?p=U2FsdGVkX1%252Fn8kHztbjZJRTxz%252FDGUFKCTJHY4CEFUfI%253D,EXACT FIT TECHNICAL SERVICES MORE INFO,MEP,1,1,1,100.0,3,HIGH
91,151,Buildfy General Contracting LLC OPC More Info,"Buildfy General Contracting LLC OPC More Info Location : Office 4, C47, M10, Mussafah City : Abu Dhabi P.O Box : 133565 Mobile : 052 2 ... 052 2780256 , 056 7 056 7472870 Products & Services : MEP Contracting , MEP Works , MEP Contractors , Read More...",Abu Dhabi,522780256.0,https://www.yellowpages-uae.com/uae/mep-contracting,/buildfy-general-contracting-llc-opc-195316?p=U2FsdGVkX19zNsyX9btdMrkx1N27nfSXHr0ldZUXYNM%253D,BUILDFY GENERAL CONTRACTING OPC MORE INFO,MEP,1,1,1,100.0,3,HIGH
92,150,Prince Paul Building Contracting LLC More Info,"Prince Paul Building Contracting LLC More Info Location : Room 412, Midfa Building, Damascus Street, Al Qusais Industrial Area 4 City : Dubai Phone : 04 32... 04 3234231 Mobile : 052 8 ... 052 8226638 , 052 8 052 8061969 Products & Services : MEP Contracting , Steel Construction Contracting , MEP Contractors , Read More...",Dubai,43234231.0,https://www.yellowpages-uae.com/uae/mep-contracting,/prince-paul-building-contracting-llc-197081?p=U2FsdGVkX1%252Fm5LuYe03kesjL0IHEhj%252BXafdp2uWE88I%253D,PRINCE PAUL BUILDING CONTRACTING MORE INFO,MEP,1,1,1,100.0,3,HIGH
93,149,New Age General Contracting LLC (NET Interiors) More Info,"New Age General Contracting LLC (NET Interiors) More Info Location : MW4, Mussafah City : Abu Dhabi Phone : 02 66... 02 6662360 Mobile : 056 5 ... 056 5481753 Products & Services : MEP Contracting , Contractors Electromechanical , MEP Contractors , Read More...",Abu Dhabi,26662360.0,https://www.yellowpages-uae.com/uae/mep-contracting,/new-age-general-contracting-llc-net-interiors-151785?p=U2FsdGVkX19z0Cnm2a7Tu%252BTn2OWL%252FqQZrX7XqFCSXg8%253D,NEW AGE GENERAL CONTRACTING NET INTERIORS MORE INFO,MEP,1,1,1,100.0,3,HIGH
94,148,Power Way Electromechanical Contracting Established: 2015 | More Info,"Power Way Electromechanical Contracting Established: 2015 | More Info Location : 203, Sheikh Faisal Building, Al Nakheel Street, Al Nakheel City : Ras Al Khaimah P.O Box : 36527 Phone : 07 23... 07 2356848 Mobile : 056 8 ... 056 8389996 Products & Services : MEP Contracting , Infrastructure MEP Contractors , MEP Contractors , Read More...",Ras Al Khaimah,72356848.0,https://www.yellowpages-uae.com/uae/mep-contracting,/power-way-electromechanical-contracting-179763?p=U2FsdGVkX19fd9CbJyb4XpkzDz3yMA9VaKSQYa2UuQc%253D,POWER WAY ELECTROMECHANICAL CONTRACTING ESTABLISHED 2015 MORE INFO,MEP,1,1,1,100.0,3,HIGH
95,179,J & J Group Of Companies More Info,"J & J Group Of Companies More Info Location : 104, 1st Floor, Buhaira Building, Buhaira Corniche City : Sharjah P.O Box : 36461 Phone : 06 56... 06 5628804 Mobile : 050 6 ... 050 6355482 Products & Services : MEP Contracting , MEP Contractors , Plumbing Contractors , Read More...",Sharjah,65628804.0,https://www.yellowpages-uae.com/uae/mep-contracting?page=2,/j-j-group-of-companies-180007?p=U2FsdGVkX18MMZpwoJifM6hQA1JbAI6AjvJLNg73fq8%253D,J J GROUP OF COMPANIES MORE INFO,MEP,1,1,1,100.0,3,HIGH
96,178,INFORCE Technical Services LLC More Info,"INFORCE Technical Services LLC More Info Location : International City City : Dubai Phone : 04 58... 04 5844775 Mobile : 055 3 ... 055 3179134 Products & Services : MEP Contracting , Contractors Electromechanical",Dubai,45844775.0,https://www.yellowpages-uae.com/uae/mep-contracting?page=2,/inforce-technical-services-llc-177669?p=U2FsdGVkX18lbPqIueePxOFguMxTDYCRIjXzUrorU1g%253D,INFORCE TECHNICAL SERVICES MORE INFO,MEP,1,1,1,100.0,3,HIGH
97,177,High Uptime General Maintenance & MEP Contracting More Info,"High Uptime General Maintenance & MEP Contracting More Info Location : Office No. 823, Falcon Tower, Hamdan Street City : Abu Dhabi Phone : 055 5... 055 5505928 Mobile : 055 5 ... 055 5505928 Products & Services : MEP Contracting , General Contracting",Abu Dhabi,555505928.0,https://www.yellowpages-uae.com/uae/mep-contracting?page=2,/high-uptime-general-maintenance-mep-contracting-201041?p=U2FsdGVkX18sDpQV%252BrefP9B7%252FIiaEu1Ns1UAaLA%252FeZ4%253D,HIGH UPTIME GENERAL MAINTENANCE MEP CONTRACTING MORE INFO,MEP,1,1,1,100.0,3,HIGH
98,176,Harris International Facilities Management More Info,"Harris International Facilities Management More Info Location : Office no – 1403, Al Otaiba Tower, Electra Street City : Abu Dhabi Mobile : 054 7 ... 054 7968649 Products & Services : MEP Contracting , MEP Works , MEP Contractors , Read More...",Abu Dhabi,547968649.0,https://www.yellowpages-uae.com/uae/mep-contracting?page=2,/harris-international-facilities-management-179591?p=U2FsdGVkX18sz42Yr7xSzNcEt9oR%252B3t7gXSGibcyvWk%253D,HARRIS INTERNATIONAL FACILITIES MANAGEMENT MORE INFO,MEP,1,1,1,100.0,3,HIGH
99,175,Emzone Technical Services LLC More Info,"Emzone Technical Services LLC More Info Location : Office 20, 2nd Floor, Mohd Saeedi Business Center, Al Hanaa Center, Al Satwa City : Dubai Mobile : 050 8 ... 050 8455145 Products & Services : MEP Contracting , MEP Works , MEP Contractors , Read More...",Dubai,508455145.0,https://www.yellowpages-uae.com/uae/mep-contracting?page=2,/emzone-technical-services-llc-194583?p=U2FsdGVkX19w0zewMc6eE33kCQPVMZkoszoG3kphLkM%253D,EMZONE TECHNICAL SERVICES MORE INFO,MEP,1,1,1,100.0,3,HIGH
100,174,Elanday Technical Services LLC More Info,"Elanday Technical Services LLC More Info Location : Office Number 517 G-01, Al Khabaisi, Abu Hail City : Dubai Mobile : 050 1 ... 050 1065814 Products & Services : MEP Contracting , MEP Services",Dubai,501065814.0,https://www.yellowpages-uae.com/uae/mep-contracting?page=2,/elanday-technical-services-llc-197198?p=U2FsdGVkX18Y63nDZiIU3%252FpFYab7e0TuQu8vEgXxwCk%253D,ELANDAY TECHNICAL SERVICES MORE INFO,MEP,1,1,1,100.0,3,HIGH
